entry_time,exit_time,position,entry_price,exit_price,profit_loss,profit_pct,duration_hours,exit_reason
2020-01-10 14:00:00,2020-01-11 14:00:00,LONG,7978.65,8053.75,94.03207309507293,0.941261992943673,24.0,Bearish MACD divergence detected
2020-01-11 23:00:00,2020-01-12 06:00:00,LONG,8020.01,8083.84,80.0975409532073,0.7958842944086095,7.0,Bearish MACD divergence detected
2020-01-12 17:00:00,2020-01-14 02:00:00,LONG,8101.47,8431.14,411.9666470978096,4.069261504393636,33.0,RSI reversal from overbought levels (RSI: 85.35)
2020-01-16 11:00:00,2020-01-17 18:00:00,LONG,8724.91,8920.12,235.26537233215208,2.23738697591151,31.0,Bearish MACD divergence detected
2020-01-18 13:00:00,2020-01-18 23:00:00,LONG,8919.97,8915.96,-4.823342639747292,-0.04495530814565765,10.0,Bearish MACD divergence detected
2020-01-21 20:00:00,2020-01-26 19:00:00,LONG,8718.71,8569.1,-183.6584964330067,-1.7159648617742624,119.0,RSI reversal from overbought levels (RSI: 81.06)
2020-01-30 00:00:00,2020-01-30 07:00:00,LONG,9278.29,9391.02,127.55002948725956,1.2149868133028774,7.0,Bearish MACD divergence detected
2020-01-30 16:00:00,2020-02-03 01:00:00,LONG,9370.93,9510.76,158.2368688487652,1.4921677997808107,81.0,Bearish MACD divergence detected
2020-02-07 12:00:00,2020-02-07 22:00:00,LONG,9755.88,9810.88,60.55585678985601,0.5637625719053536,10.0,Bearish MACD divergence detected
2020-02-08 13:00:00,2020-02-09 05:00:00,LONG,9793.51,10099.99,337.36390025407076,3.129419380794011,16.0,RSI reversal from overbought levels (RSI: 84.65)
2020-02-10 06:00:00,2020-02-11 18:00:00,LONG,9955.91,10206.22,278.97084625994694,2.514185041849509,36.0,RSI reversal from overbought levels (RSI: 82.58)
2020-02-13 09:00:00,2020-02-19 04:00:00,LONG,10166.97,10111.65,-61.770030061865654,-0.5441149132927481,139.0,RSI reversal from overbought levels (RSI: 81.18)
2020-02-21 09:00:00,2020-02-23 07:00:00,LONG,9659.91,9880.7,257.54468243887464,2.2856320607541982,46.0,RSI reversal from overbought levels (RSI: 84.04)
2020-02-24 02:00:00,2020-02-25 14:00:00,SHORT,9741.09,9404.87,397.02474892646126,3.4515644553124893,36.0,Bullish MACD divergence detected
2020-02-29 21:00:00,2020-03-01 16:00:00,SHORT,8634.58,8522.3,154.4348538560167,1.300352767592641,19.0,Bullish MACD divergence detected
2020-03-03 16:00:00,2020-03-08 03:00:00,SHORT,8698.95,8747.58,-67.12264854669644,-0.5590329867397696,107.0,RSI reversal from oversold levels (RSI: 17.40)
2020-03-13 15:00:00,2020-03-13 18:00:00,SHORT,5212.37,4985.34,519.0073805735628,4.355600235593401,3.0,Bullish MACD divergence detected
2020-03-18 16:00:00,2020-03-19 16:00:00,SHORT,5199.59,6164.03,2301.953343205247,-18.54838554578341,24.0,Trailing stop hit at $6135.52 (18.0% from low of $5199.59)
2020-03-27 11:00:00,2020-03-28 03:00:00,LONG,6620.58,6116.92,-1117.1885080681052,-7.607490582396102,16.0,Trailing stop hit at $6117.38 (8.4% from high of $6676.74)
2020-04-04 20:00:00,2020-04-05 09:00:00,LONG,6825.67,6774.51,-101.48508672996347,-0.749523490001712,13.0,Bearish MACD divergence detected
2020-04-05 10:00:00,2020-04-07 07:00:00,LONG,6750.93,7378.08,1245.9054764097666,9.289831178815357,45.0,Bearish MACD divergence detected
2020-04-07 21:00:00,2020-04-08 17:00:00,LONG,7172.3,7307.95,276.68544076913014,1.8913040447276275,20.0,Bearish MACD divergence detected
2020-04-08 19:00:00,2020-04-09 07:00:00,LONG,7306.09,7330.0,48.68505673802154,0.3272612300149581,12.0,Bearish MACD divergence detected
2020-04-09 07:00:00,2020-04-09 08:00:00,LONG,7330.0,7330.01,0.02032116016706621,0.00013642564802480599,1.0,Bearish MACD divergence detected
2020-04-09 13:00:00,2020-04-09 14:00:00,LONG,7327.68,7322.88,-9.737753686348814,-0.06550504388838188,1.0,Bearish MACD divergence detected
2020-04-09 14:00:00,2020-04-12 17:00:00,LONG,7322.88,7091.69,-468.0769811003074,-3.157091199091075,75.0,RSI reversal from overbought levels (RSI: 83.97)
2020-04-15 06:00:00,2020-04-17 09:00:00,LONG,6885.26,7103.04,453.22351524064914,3.162988761499199,51.0,Bearish MACD divergence detected
2020-04-19 23:00:00,2020-04-20 00:00:00,SHORT,7120.74,7161.16,-83.744093802788,-0.5676376331673404,1.0,Bullish MACD divergence detected
2020-04-25 00:00:00,2020-04-25 05:00:00,LONG,7471.35,7563.45,180.4678347899066,1.2327089481820481,5.0,Bearish MACD divergence detected
2020-04-25 16:00:00,2020-04-26 00:00:00,LONG,7548.0,7563.08,29.55056833990997,0.1997880233174341,8.0,Bearish MACD divergence detected
2020-04-27 13:00:00,2020-04-27 18:00:00,LONG,7690.36,7709.12,36.08121865939878,0.24394176605516804,5.0,Bearish MACD divergence detected
2020-04-28 09:00:00,2020-04-28 13:00:00,LONG,7741.68,7727.1,-27.86810973218081,-0.18833121493009175,4.0,Bearish MACD divergence detected
2020-04-28 14:00:00,2020-04-28 19:00:00,LONG,7683.41,7717.04,64.5163123156719,0.437696283290884,5.0,Bearish MACD divergence detected
2020-04-28 22:00:00,2020-04-29 05:00:00,LONG,7748.02,7863.0,219.25921849016495,1.4839920392564754,7.0,RSI reversal from overbought levels (RSI: 84.50)
2020-05-02 09:00:00,2020-05-02 10:00:00,LONG,8811.9,8828.23,27.73178287916148,0.185317581906285,1.0,Bearish MACD divergence detected
2020-05-02 10:00:00,2020-05-02 11:00:00,LONG,8828.23,8834.0,9.779107050663356,0.0653585146739543,1.0,Bearish MACD divergence detected
2020-05-02 18:00:00,2020-05-03 10:00:00,LONG,8866.72,9041.46,294.4702192224976,1.9707400256239036,16.0,Bearish MACD divergence detected
2020-05-09 04:00:00,2020-05-10 00:00:00,LONG,9830.23,8703.67,-1742.6799698465913,-11.460159121404072,20.0,Trailing stop hit at $9043.81 (8.0% from high of $9830.23)
2020-05-11 19:00:00,2020-05-13 00:00:00,LONG,8746.86,8934.03,287.4911615018817,2.1398536160405,29.0,Bearish MACD divergence detected
2020-05-15 04:00:00,2020-05-18 01:00:00,LONG,9444.21,9902.1,664.0048800013913,4.8483674124146035,69.0,Bearish MACD divergence detected
2020-05-18 08:00:00,2020-05-18 14:00:00,LONG,9591.54,9708.56,174.84783139679837,1.2200334878444816,6.0,Bearish MACD divergence detected
2020-05-18 17:00:00,2020-05-20 06:00:00,LONG,9625.07,9724.39,149.3908526197471,1.0318885992517428,37.0,Bearish MACD divergence detected
2020-05-20 06:00:00,2020-05-21 18:00:00,LONG,9724.39,8831.26,-1340.7178423143064,-9.184432134046446,36.0,Trailing stop hit at $9006.62 (8.0% from high of $9789.80)
2020-05-24 02:00:00,2020-05-27 18:00:00,LONG,9198.96,9169.48,-42.39563457687791,-0.3204710097663167,88.0,RSI reversal from overbought levels (RSI: 84.28)
2020-06-04 11:00:00,2020-06-04 12:00:00,LONG,9622.08,9642.02,27.272448977283283,0.2072317004223672,1.0,Bearish MACD divergence detected
2020-06-04 12:00:00,2020-06-05 08:00:00,LONG,9642.02,9833.43,261.27357195715877,1.9851649343187407,20.0,Bearish MACD divergence detected
2020-06-06 19:00:00,2020-06-08 09:00:00,LONG,9657.39,9745.85,122.70506600439641,0.9159824755964184,38.0,Bearish MACD divergence detected
2020-06-08 14:00:00,2020-06-09 00:00:00,LONG,9671.0,9703.05,44.71228388868772,0.3314031640988447,10.0,Bearish MACD divergence detected
2020-06-09 00:00:00,2020-06-10 13:00:00,LONG,9703.05,9750.0,65.3682455974626,0.48386847434570296,37.0,Bearish MACD divergence detected
2020-06-10 18:00:00,2020-06-11 00:00:00,LONG,9823.58,9890.34,92.06943115224355,0.6795893146897589,6.0,RSI reversal from overbought levels (RSI: 80.37)
2020-06-13 13:00:00,2020-06-16 12:00:00,LONG,9429.04,9565.0,196.28537505446897,1.4419283405309462,71.0,Bearish MACD divergence detected
2020-06-17 17:00:00,2020-06-18 09:00:00,SHORT,9402.27,9411.45,-13.455780039777864,-0.09763599641363511,16.0,Bullish MACD divergence detected
2020-06-18 13:00:00,2020-06-19 15:00:00,SHORT,9403.01,9383.32,28.772927489223534,0.209401032222666,26.0,Bullish MACD divergence detected
2020-06-20 00:00:00,2020-06-20 11:00:00,SHORT,9302.24,9325.87,-34.90774265804501,-0.2540248370285116,11.0,Bullish MACD divergence detected
2020-06-20 13:00:00,2020-06-24 21:00:00,SHORT,9288.55,9273.5,22.16457513186671,0.16202744238873962,104.0,Bullish MACD divergence detected
2020-06-27 09:00:00,2020-06-27 15:00:00,SHORT,9143.57,9130.76,19.157505384406782,0.14009845169883853,6.0,Bullish MACD divergence detected
2020-06-27 15:00:00,2020-06-27 20:00:00,SHORT,9130.76,8953.14,265.8460166710841,1.9452926152916166,5.0,RSI reversal from oversold levels (RSI: 13.81)
2020-06-29 13:00:00,2020-07-02 16:00:00,SHORT,9048.62,9044.36,6.546043947560319,0.04707900210198039,75.0,RSI reversal from oversold levels (RSI: 18.11)
2020-07-03 22:00:00,2020-07-03 23:00:00,SHORT,9083.99,9058.26,39.32334023974524,0.2832455782095705,1.0,Bullish MACD divergence detected
2020-07-04 11:00:00,2020-07-04 12:00:00,SHORT,9057.69,9069.12,-17.533823283797933,-0.1261911149531535,1.0,Bullish MACD divergence detected
2020-07-05 05:00:00,2020-07-05 20:00:00,SHORT,9076.71,9012.05,98.65909512919005,0.7123726548496081,15.0,Bullish MACD divergence detected
2020-07-09 14:00:00,2020-07-10 02:00:00,SHORT,9295.9,9215.17,120.8899716954845,0.8684473800277495,12.0,Bullish MACD divergence detected
2020-07-10 15:00:00,2020-07-12 13:00:00,LONG,9245.92,9210.0,-54.4406144792895,-0.3884956824199222,46.0,Bearish MACD divergence detected
2020-07-12 22:00:00,2020-07-13 09:00:00,LONG,9298.46,9284.2,-21.364075299687755,-0.15335872821949442,11.0,Bearish MACD divergence detected
2020-07-13 19:00:00,2020-07-18 08:00:00,LONG,9235.07,9153.42,-122.73130952221872,-0.8841297358872173,109.0,Bearish MACD divergence detected
2020-07-18 09:00:00,2020-07-18 19:00:00,LONG,9165.83,9163.84,-2.981198857677289,-0.02171107253789108,10.0,Bearish MACD divergence detected
2020-07-18 19:00:00,2020-07-21 01:00:00,LONG,9163.84,9178.56,22.007796509460658,0.16063135104933463,54.0,Bearish MACD divergence detected
2020-07-24 08:00:00,2020-07-24 10:00:00,LONG,9505.07,9540.85,51.553718202985486,0.37643068383505496,2.0,Bearish MACD divergence detected
2020-07-24 11:00:00,2020-07-24 15:00:00,LONG,9532.09,9551.68,28.19587870491771,0.20551631384093252,4.0,Bearish MACD divergence detected
2020-07-25 01:00:00,2020-07-25 03:00:00,LONG,9564.74,9581.58,24.156374178294413,0.17606333261542023,2.0,Bearish MACD divergence detected
2020-07-25 12:00:00,2020-07-25 13:00:00,LONG,9603.79,9582.22,-30.80817847713028,-0.22459883025348873,1.0,Bearish MACD divergence detected
2020-07-25 13:00:00,2020-07-26 06:00:00,LONG,9582.22,9698.77,166.13385864967466,1.2163152171417593,17.0,Bearish MACD divergence detected
2020-07-30 17:00:00,2020-07-31 06:00:00,LONG,11041.47,11140.64,123.92306654837172,0.8981593936314647,13.0,Bearish MACD divergence detected
2020-07-31 06:00:00,2020-07-31 13:00:00,LONG,11140.64,11151.95,14.10487655808465,0.10152019991671313,7.0,Bearish MACD divergence detected
2020-08-03 13:00:00,2020-08-05 16:00:00,LONG,11273.05,11630.36,439.9391925299917,3.169594741440882,51.0,RSI reversal from overbought levels (RSI: 90.39)
2020-08-08 09:00:00,2020-08-10 08:00:00,LONG,11742.15,11976.53,285.27117985357864,1.9960569401685466,47.0,RSI reversal from overbought levels (RSI: 81.72)
2020-08-10 22:00:00,2020-08-11 00:00:00,LONG,11817.96,11872.0,66.5243536638764,0.4572701210699721,2.0,Bearish MACD divergence detected
2020-08-11 06:00:00,2020-08-14 10:00:00,LONG,11751.79,11720.72,-38.56198644940385,-0.2643852553526018,76.0,Bearish MACD divergence detected
2020-08-15 12:00:00,2020-08-15 16:00:00,LONG,11749.33,11854.04,129.3830298995301,0.8911997535178682,4.0,Bearish MACD divergence detected
2020-08-15 21:00:00,2020-08-17 00:00:00,LONG,11894.61,11845.31,-60.58806391199939,-0.4144734463761408,27.0,Bearish MACD divergence detected
2020-08-21 03:00:00,2020-08-24 03:00:00,LONG,11866.58,11684.4,-223.04417205838413,-1.5352359314983786,72.0,Bearish MACD divergence detected
2020-08-26 17:00:00,2020-09-02 12:00:00,SHORT,11449.98,11428.65,26.595424331598867,0.18628853500180723,163.0,RSI reversal from oversold levels (RSI: 12.17)
2020-09-06 22:00:00,2020-09-08 22:00:00,SHORT,10211.08,10106.5,146.19678704627475,1.0241815753083898,48.0,Bullish MACD divergence detected
2020-09-08 22:00:00,2020-09-14 00:00:00,SHORT,10106.5,10273.28,-237.5006394089375,-1.6502251026567125,122.0,Bullish MACD divergence detected
2020-09-18 04:00:00,2020-09-19 10:00:00,LONG,10904.6,10993.11,114.65717773739269,0.8116758065403611,30.0,Bearish MACD divergence detected
2020-09-19 10:00:00,2020-09-23 20:00:00,LONG,10993.11,10230.39,-986.0717524804138,-6.938163995448068,106.0,Trailing stop hit at $10248.80 (8.0% from high of $11140.00)
2020-09-26 14:00:00,2020-09-26 15:00:00,LONG,10706.65,10721.0,17.690187374258908,0.13402885122797856,1.0,Bearish MACD divergence detected
2020-09-27 06:00:00,2020-09-28 11:00:00,LONG,10660.82,10877.91,268.5941776763043,2.0363349160758757,29.0,Bearish MACD divergence detected
2020-09-28 23:00:00,2020-09-29 16:00:00,SHORT,10696.12,10692.39,4.68408162262913,0.034872458424189165,17.0,Bullish MACD divergence detected
2020-09-30 05:00:00,2020-09-30 18:00:00,SHORT,10698.66,10731.1,-40.66079815532101,-0.30321554288107583,13.0,Bullish MACD divergence detected
2020-09-30 18:00:00,2020-10-02 21:00:00,SHORT,10731.1,10469.68,325.0347642621378,2.4360969518502302,51.0,Bullish MACD divergence detected
2020-10-02 22:00:00,2020-10-03 06:00:00,SHORT,10551.02,10529.01,28.45477651408083,0.20860542393057938,8.0,Bullish MACD divergence detected
2020-10-05 07:00:00,2020-10-05 11:00:00,LONG,10686.31,10666.53,-25.25021038895093,-0.1850966329818135,4.0,Bearish MACD divergence detected
2020-10-07 14:00:00,2020-10-09 10:00:00,LONG,10632.03,10980.3,445.13517687397075,3.2756679580475097,44.0,Bearish MACD divergence detected
2020-10-11 14:00:00,2020-10-12 01:00:00,LONG,11378.72,11394.63,19.584459472641537,0.13982240533205717,11.0,Bearish MACD divergence detected
2020-10-12 07:00:00,2020-10-13 10:00:00,LONG,11379.34,11516.89,169.2063829867239,1.2087695771459441,27.0,Bearish MACD divergence detected
2020-10-14 06:00:00,2020-10-18 07:00:00,LONG,11421.33,11455.4,42.1777092037517,0.2983015112950918,97.0,RSI reversal from overbought levels (RSI: 81.16)
2020-10-19 11:00:00,2020-10-19 16:00:00,LONG,11477.0,11760.65,349.790321649074,2.4714646684673665,5.0,RSI reversal from overbought levels (RSI: 81.63)
2020-10-23 11:00:00,2020-10-24 10:00:00,LONG,12968.96,12977.09,9.073674224163032,0.06268814153178835,23.0,Bearish MACD divergence detected
2020-10-24 10:00:00,2020-10-25 00:00:00,LONG,12977.09,13131.67,172.17781364034863,1.1911761419547828,14.0,Bearish MACD divergence detected
2020-10-25 15:00:00,2020-10-27 18:00:00,LONG,12940.74,13633.93,781.9394370000336,5.356648846974752,51.0,RSI reversal from overbought levels (RSI: 81.54)
2020-10-29 14:00:00,2020-10-31 22:00:00,LONG,13427.02,13866.99,502.96573079948223,3.276750909732758,56.0,Bearish MACD divergence detected
2020-11-01 04:00:00,2020-11-01 07:00:00,LONG,13677.25,13792.51,133.3282358906282,0.8427132647279256,3.0,Bearish MACD divergence detected
2020-11-01 11:00:00,2020-11-04 12:00:00,LONG,13696.58,13824.68,148.92185104439727,0.9352699725040877,73.0,Bearish MACD divergence detected
2020-11-07 15:00:00,2020-11-12 05:00:00,LONG,15337.91,15747.94,428.7941347142009,2.6733107705026344,110.0,Bearish MACD divergence detected
2020-11-19 08:00:00,2020-11-20 23:00:00,LONG,17533.42,18655.67,1052.015716000691,6.400633761125896,39.0,Bearish MACD divergence detected
2020-11-22 01:00:00,2020-11-25 08:00:00,LONG,18470.4,19115.18,609.3065531180273,3.4908827096327033,79.0,Bearish MACD divergence detected
2020-12-01 13:00:00,2020-12-03 07:00:00,LONG,18759.73,19208.11,430.89154497977074,2.3901196872236485,42.0,Bearish MACD divergence detected
2020-12-03 07:00:00,2020-12-03 16:00:00,LONG,19208.11,19354.78,140.67086437345796,0.7635837154201962,9.0,Bearish MACD divergence detected
2020-12-04 12:00:00,2020-12-08 08:00:00,SHORT,19026.49,19069.96,-42.32688781052958,-0.22847093709873723,92.0,Bullish MACD divergence detected
2020-12-10 19:00:00,2020-12-12 17:00:00,LONG,18403.1,18483.17,80.26030866395128,0.43508974031548875,46.0,Bearish MACD divergence detected
2020-12-18 15:00:00,2020-12-18 21:00:00,LONG,22549.0,22880.07,271.4768847939581,1.4682247549780465,6.0,Bearish MACD divergence detected
2020-12-19 12:00:00,2020-12-20 06:00:00,LONG,23041.53,23506.67,377.989746131549,2.0187027510759896,18.0,Bearish MACD divergence detected
2020-12-27 23:00:00,2020-12-28 01:00:00,LONG,26281.66,27062.0,566.0543027608215,2.969142740603144,2.0,Bearish MACD divergence detected
2020-12-29 19:00:00,2020-12-30 07:00:00,LONG,26931.62,28386.62,1058.469000880386,5.402571401200522,12.0,RSI reversal from overbought levels (RSI: 87.65)
2021-01-01 18:00:00,2021-01-01 23:00:00,LONG,29072.7,29331.69,183.60297822156875,0.8908357324912993,5.0,Bearish MACD divergence detected
2021-01-15 12:00:00,2021-01-18 22:00:00,LONG,37770.63,36470.06,-714.5755143270419,-3.443336793693936,82.0,Bearish MACD divergence detected
2021-01-24 02:00:00,2021-01-26 13:00:00,SHORT,32096.04,31718.97,234.9291340678399,1.174817827993733,59.0,Bullish MACD divergence detected
2021-02-04 16:00:00,2021-02-04 20:00:00,LONG,36929.36,37613.31,373.96191725456407,1.8520494262559577,4.0,Bearish MACD divergence detected
2021-02-07 07:00:00,2021-02-08 13:00:00,LONG,39030.0,42897.12,2033.63288497619,9.90807071483475,30.0,RSI reversal from overbought levels (RSI: 82.32)
2021-02-12 14:00:00,2021-02-12 21:00:00,LONG,46547.5,47860.54,635.1331837235725,2.8208604114077036,7.0,Bearish MACD divergence detected
2021-02-15 01:00:00,2021-02-16 12:00:00,LONG,48011.44,49650.01,788.5470512439786,3.412874098339895,35.0,Bearish MACD divergence detected
2021-02-19 06:00:00,2021-02-19 19:00:00,LONG,51734.88,54990.01,1500.4176628403436,6.291944622274189,13.0,RSI reversal from overbought levels (RSI: 87.45)
2021-02-22 00:00:00,2021-02-23 02:00:00,LONG,56235.15,51218.63,-2256.727019075834,-8.920612819562148,26.0,Trailing stop hit at $51579.49 (9.3% from high of $56860.04)
2021-02-24 17:00:00,2021-03-01 09:00:00,LONG,50041.8,47350.12,-1236.754042553572,-5.378863270306025,112.0,RSI reversal from overbought levels (RSI: 82.63)
2021-03-04 14:00:00,2021-03-05 08:00:00,SHORT,49422.53,46634.35,1224.8505228502227,5.641516126349663,18.0,Bullish MACD divergence detected
2021-03-12 15:00:00,2021-03-12 16:00:00,LONG,56956.95,57367.21,164.88780072071881,0.720298400809738,1.0,Bearish MACD divergence detected
2021-03-13 06:00:00,2021-03-13 18:00:00,LONG,56931.58,60281.95,1354.149764260281,5.884906057411361,12.0,RSI reversal from overbought levels (RSI: 89.96)
2021-03-14 16:00:00,2021-03-14 21:00:00,LONG,59567.74,60081.54,209.74872695165124,0.8625474124081305,5.0,Bearish MACD divergence detected
2021-03-22 10:00:00,2021-03-24 22:00:00,LONG,57908.82,52534.03,-2271.944764985104,-9.281470421949543,60.0,Trailing stop hit at $53144.23 (8.2% from high of $57908.82)
2021-03-28 18:00:00,2021-03-29 06:00:00,SHORT,55192.08,55401.26,-83.98599658467516,-0.37900365414747966,12.0,Bullish MACD divergence detected
2021-04-01 17:00:00,2021-04-04 11:00:00,SHORT,58501.63,57275.55,461.7368413288018,2.0958048519331762,66.0,Bullish MACD divergence detected
2021-04-07 05:00:00,2021-04-09 01:00:00,LONG,58285.99,57978.35,-118.48683778111166,-0.5278112287360983,44.0,Bearish MACD divergence detected
2021-04-10 00:00:00,2021-04-10 02:00:00,LONG,58109.08,58721.55,234.88898381758986,1.0540005107635522,2.0,Bearish MACD divergence detected
2021-04-10 20:00:00,2021-04-11 00:00:00,LONG,58615.28,60148.5,587.9013821516048,2.6157343272948643,4.0,Bearish MACD divergence detected
2021-04-11 15:00:00,2021-04-11 19:00:00,LONG,59645.46,59705.53,23.181797304842856,0.10071177253054919,4.0,Bearish MACD divergence detected
2021-04-12 11:00:00,2021-04-12 20:00:00,LONG,60241.5,60049.92,-73.12903384078436,-0.31801996962227325,9.0,Bearish MACD divergence detected
2021-04-14 21:00:00,2021-04-18 03:00:00,LONG,62773.65,55014.46,-2827.617718798002,-12.360584417187788,78.0,Trailing stop hit at $55443.98 (12.5% from high of $63369.50)
2021-04-20 10:00:00,2021-04-23 06:00:00,LONG,55908.52,49051.48,-2453.632455371477,-12.264749630288897,68.0,Trailing stop hit at $49065.55 (14.0% from high of $57020.76)
2021-04-29 11:00:00,2021-04-30 15:00:00,SHORT,54300.16,57180.06,928.9052963805466,-5.303667613502417,28.0,Trailing stop hit at $56962.39 (8.0% from low of $52742.95)
2021-05-02 03:00:00,2021-05-02 15:00:00,SHORT,56450.19,56595.2,-47.28507190588116,-0.25688133202030805,12.0,Bullish MACD divergence detected
2021-05-09 04:00:00,2021-05-10 03:00:00,LONG,58157.87,59356.76,377.72449972844834,2.0614406958164038,23.0,RSI reversal from overbought levels (RSI: 81.34)
2021-05-31 00:00:00,2021-06-03 05:00:00,SHORT,35312.83,38795.88,1840.9116497858072,-9.863412249881971,77.0,Trailing stop hit at $38586.21 (12.0% from low of $34447.34)
2021-07-02 17:00:00,2021-07-02 19:00:00,SHORT,33460.86,33327.71,81.43909157345381,0.39792760855519393,2.0,Bullish MACD divergence detected
2021-07-02 19:00:00,2021-07-02 20:00:00,SHORT,33327.71,33133.21,119.67417121581202,0.5835984530590311,1.0,Bullish MACD divergence detected
2021-07-05 00:00:00,2021-07-10 08:00:00,LONG,34841.07,33762.79,-637.0698174157045,-3.0948532866527887,128.0,Bearish MACD divergence detected
2021-07-11 00:00:00,2021-07-12 04:00:00,LONG,33719.99,34299.94,342.3844367469609,1.7198996796855646,28.0,Bearish MACD divergence detected
2021-07-18 22:00:00,2021-07-20 01:00:00,SHORT,31557.91,30621.61,599.6004359610804,2.9669265169968457,27.0,Bullish MACD divergence detected
2021-07-23 16:00:00,2021-07-25 23:00:00,SHORT,32176.84,35381.02,2068.092294346108,-9.958031926068553,55.0,Trailing stop hit at $34700.39 (8.0% from low of $32129.99)
2021-07-27 03:00:00,2021-07-27 21:00:00,LONG,36823.8,38338.75,937.6988884291543,4.114051238601114,18.0,Bearish MACD divergence detected
2021-07-29 18:00:00,2021-07-29 23:00:00,LONG,39527.06,40016.48,293.2502593145714,1.2381897363477212,5.0,Bearish MACD divergence detected
2021-08-04 12:00:00,2021-08-04 22:00:00,LONG,38860.28,39716.29,527.114280216458,2.202789068941351,10.0,RSI reversal from overbought levels (RSI: 90.98)
2021-08-14 10:00:00,2021-08-14 16:00:00,LONG,46308.15,46857.88,289.75235187156323,1.187112851625461,6.0,Bearish MACD divergence detected
2021-08-14 20:00:00,2021-08-16 12:00:00,LONG,46620.55,47304.68,361.7074772479404,1.4674430052841447,40.0,Bearish MACD divergence detected
2021-08-17 09:00:00,2021-08-19 19:00:00,LONG,46843.53,46710.0,-71.15238434600894,-0.2850553747764074,58.0,RSI reversal from overbought levels (RSI: 80.45)
2021-08-22 22:00:00,2021-08-23 09:00:00,LONG,49250.14,50303.86,531.4567946438269,2.139526913019945,11.0,RSI reversal from overbought levels (RSI: 82.39)
2021-08-29 04:00:00,2021-09-02 14:00:00,LONG,48141.83,49529.96,730.1156874996057,2.8834176016989743,106.0,Bearish MACD divergence detected
2021-09-03 02:00:00,2021-09-03 04:00:00,LONG,48970.01,49707.18,391.39037114000973,1.5053499070145142,2.0,Bearish MACD divergence detected
2021-09-05 11:00:00,2021-09-05 22:00:00,LONG,50198.78,51821.99,851.6881021147807,3.2335646404155622,11.0,RSI reversal from overbought levels (RSI: 85.92)
2021-09-09 12:00:00,2021-09-12 20:00:00,LONG,46670.7,45091.83,-918.0505774551161,-3.383000469245148,80.0,Bearish MACD divergence detected
2021-09-12 20:00:00,2021-09-13 14:00:00,SHORT,45091.83,43933.32,672.2576863838879,2.5692237374264963,18.0,Bullish MACD divergence detected
2021-09-16 17:00:00,2021-09-19 20:00:00,SHORT,47397.43,47594.67,-111.4635793348823,-0.4161407063631888,75.0,Bullish MACD divergence detected
2021-09-29 15:00:00,2021-10-01 07:00:00,SHORT,41698.98,44788.42,1972.2648342257073,-7.408910241929166,40.0,Trailing stop hit at $44749.86 (8.8% from low of $41128.88)
2021-10-04 13:00:00,2021-10-05 07:00:00,LONG,48116.29,49476.51,806.7318308546927,2.826942808766015,18.0,Bearish MACD divergence detected
2021-10-08 03:00:00,2021-10-09 23:00:00,LONG,53815.22,54949.72,617.3925754898626,2.1081396675512987,44.0,Bearish MACD divergence detected
2021-10-10 00:00:00,2021-10-10 15:00:00,LONG,54905.27,55373.01,254.24523234650897,0.8519036515074151,15.0,Bearish MACD divergence detected
2021-10-10 18:00:00,2021-10-11 02:00:00,LONG,55312.65,55799.99,264.6602265898382,0.8810642773398065,8.0,Bearish MACD divergence detected
2021-10-16 17:00:00,2021-10-16 21:00:00,LONG,60593.01,60670.18,38.5169144257703,0.12735792461869488,4.0,Bearish MACD divergence detected
2021-10-16 21:00:00,2021-10-17 01:00:00,LONG,60670.18,61077.62,202.95426441698243,0.6715655038439021,4.0,Bearish MACD divergence detected
2021-10-17 09:00:00,2021-10-17 23:00:00,LONG,61222.81,61528.33,151.5224159708339,0.49902969171131495,14.0,Bearish MACD divergence detected
2021-10-17 23:00:00,2021-10-18 07:00:00,LONG,61528.33,61885.42,176.74537754780067,0.5803668001390522,8.0,Bearish MACD divergence detected
2021-10-18 19:00:00,2021-10-18 22:00:00,LONG,61434.63,62075.0,318.6470738471697,1.0423599849140504,3.0,Bearish MACD divergence detected
2021-10-21 05:00:00,2021-10-21 08:00:00,LONG,64825.71,65882.09,502.34725602054243,1.6295695025939514,3.0,Bearish MACD divergence detected
2021-10-21 11:00:00,2021-10-25 09:00:00,LONG,64827.9,62731.79,-1010.9770466232168,-3.233345519444561,94.0,RSI reversal from overbought levels (RSI: 81.04)
2021-10-26 07:00:00,2021-10-26 08:00:00,LONG,62432.54,62820.3,187.53544284400525,0.6210863757905766,1.0,Bearish MACD divergence detected
2021-10-26 12:00:00,2021-10-28 20:00:00,LONG,62484.0,61381.93,-534.8036642209163,-1.7637635234620057,56.0,Bearish MACD divergence detected
2021-10-30 14:00:00,2021-10-31 15:00:00,SHORT,61178.18,60460.23,348.85628480745544,1.1735393239877308,25.0,RSI reversal from oversold levels (RSI: 15.48)
2021-11-01 05:00:00,2021-11-03 18:00:00,SHORT,60618.0,63149.04,-1253.2833551823028,-4.175393447490846,61.0,Bullish MACD divergence detected
2021-11-09 18:00:00,2021-11-09 21:00:00,LONG,66520.37,67721.0,518.078392288385,1.804905775479007,3.0,Bearish MACD divergence detected
2021-11-13 14:00:00,2021-11-15 10:00:00,LONG,64725.78,65921.36,538.7033588704684,1.8471465311039925,44.0,RSI reversal from overbought levels (RSI: 82.46)
2021-11-15 14:00:00,2021-11-17 01:00:00,LONG,64851.0,59317.37,-2529.469815402071,-8.532836810534915,35.0,Trailing stop hit at $59662.92 (8.0% from high of $64851.00)
2021-11-20 15:00:00,2021-11-22 07:00:00,SHORT,57588.37,57259.54,154.49994769324795,0.5710007072608614,40.0,RSI reversal from oversold levels (RSI: 19.02)
2021-11-24 08:00:00,2021-11-26 12:00:00,SHORT,56849.02,54299.98,1217.7315964485817,4.483876766916992,52.0,RSI reversal from oversold levels (RSI: 11.54)
2021-12-06 00:00:00,2021-12-06 01:00:00,SHORT,48743.61,48804.19,-35.19722268911554,-0.12428295729430329,1.0,Bullish MACD divergence detected
2021-12-06 11:00:00,2021-12-09 07:00:00,SHORT,48577.78,50016.89,-836.2641711402428,-2.962486140782886,68.0,Bullish MACD divergence detected
2021-12-19 23:00:00,2021-12-20 14:00:00,SHORT,46681.23,46307.49,218.862733476105,0.8006215774520191,15.0,Bullish MACD divergence detected
2021-12-25 14:00:00,2021-12-25 18:00:00,LONG,50744.9,50986.34,130.84555973900524,0.47579165591023936,4.0,Bearish MACD divergence detected
2021-12-25 18:00:00,2021-12-27 12:00:00,LONG,50986.34,51118.83,71.65820120279778,0.2598539138130041,42.0,Bearish MACD divergence detected
2022-01-03 14:00:00,2022-01-06 00:00:00,SHORT,46874.53,43680.94,1879.9142674018985,6.813060312284724,58.0,RSI reversal from oversold levels (RSI: 15.48)
2022-01-08 12:00:00,2022-01-08 13:00:00,SHORT,41876.31,41905.0,-20.153060817911655,-0.06851128955727553,1.0,Bullish MACD divergence detected
2022-01-08 13:00:00,2022-01-13 14:00:00,SHORT,41905.0,44154.52,1574.8381351756063,-5.368142226464615,121.0,Trailing stop hit at $43934.21 (8.0% from low of $40679.82)
2022-01-15 12:00:00,2022-01-16 13:00:00,SHORT,42715.56,43129.54,-298.99753762938656,-0.9691550339033439,25.0,Bullish MACD divergence detected
2022-01-16 19:00:00,2022-01-17 12:00:00,SHORT,42824.79,42550.09,195.58474578947835,0.6414508979495389,17.0,Bullish MACD divergence detected
2022-01-24 08:00:00,2022-01-24 20:00:00,SHORT,34959.79,37220.05,1980.0300574438759,-6.465313435807257,12.0,Trailing stop hit at $37005.35 (11.7% from low of $33114.90)
2022-02-02 13:00:00,2022-02-03 03:00:00,SHORT,38361.61,36820.83,1307.047943114223,4.016463334046717,14.0,RSI reversal from oversold levels (RSI: 17.84)
2022-02-06 15:00:00,2022-02-06 20:00:00,LONG,41519.49,41569.99,41.090074156033154,0.12162962502670434,5.0,Bearish MACD divergence detected
2022-02-09 12:00:00,2022-02-10 08:00:00,LONG,44141.56,44215.0,56.16192203616479,0.16637382095241385,20.0,Bearish MACD divergence detected
2022-02-10 13:00:00,2022-02-10 15:00:00,LONG,43642.98,44947.1,1008.355752354554,2.98815525429289,2.0,Bearish MACD divergence detected
2022-02-12 16:00:00,2022-02-14 23:00:00,LONG,42730.49,42535.94,-157.91917005582548,-0.455295504451261,55.0,Bearish MACD divergence detected
2022-02-16 13:00:00,2022-02-16 19:00:00,LONG,43637.97,44220.0,459.58883703002874,1.3337696506047345,6.0,Bearish MACD divergence detected
2022-02-16 21:00:00,2022-02-17 23:00:00,LONG,44068.34,40515.7,-2809.33834923868,-8.061660593523603,26.0,Trailing stop hit at $40542.87 (8.0% from high of $44068.34)
2022-02-22 16:00:00,2022-02-24 04:00:00,SHORT,37709.99,35077.91,2231.57617602021,6.979795009226984,36.0,RSI reversal from oversold levels (RSI: 13.43)
2022-03-03 14:00:00,2022-03-04 04:00:00,SHORT,43425.19,41379.99,1607.7710542178677,4.7097088118670385,14.0,RSI reversal from oversold levels (RSI: 16.60)
2022-03-12 13:00:00,2022-03-13 20:00:00,SHORT,39074.74,38683.99,356.75537078921303,1.0000066539150356,31.0,Bullish MACD divergence detected
2022-03-15 03:00:00,2022-03-18 19:00:00,SHORT,38768.41,42042.72,3037.149136040194,-8.445819676380841,88.0,Trailing stop hit at $41775.02 (8.9% from low of $38362.15)
2022-03-20 10:00:00,2022-03-22 14:00:00,LONG,41760.68,42760.66,932.0210331375339,2.3945491309049642,52.0,Bearish MACD divergence detected
2022-03-23 04:00:00,2022-03-24 14:00:00,LONG,41944.35,43582.11,1553.0903920232172,3.904602169302903,34.0,Bearish MACD divergence detected
2022-03-26 02:00:00,2022-03-26 04:00:00,LONG,44289.01,44408.5,111.28525542817314,0.2697960509842012,2.0,Bearish MACD divergence detected
2022-03-26 19:00:00,2022-03-27 14:00:00,LONG,44367.49,44614.35,229.66254899186822,0.5563983899021572,19.0,Bearish MACD divergence detected
2022-03-27 15:00:00,2022-03-28 01:00:00,LONG,44857.52,46810.5,1803.4742435418013,4.353740465366796,10.0,RSI reversal from overbought levels (RSI: 87.71)
2022-03-30 17:00:00,2022-04-02 09:00:00,LONG,47659.5,46682.5,-884.4018121892314,-2.0499585602031076,64.0,Bearish MACD divergence detected
2022-04-02 15:00:00,2022-04-05 08:00:00,LONG,46295.06,46665.89,337.80902948736855,0.8010141902829412,65.0,RSI reversal from overbought levels (RSI: 80.65)
2022-04-08 14:00:00,2022-04-11 19:00:00,LONG,43750.14,39985.33,-3650.8500277207936,-8.605252463192112,77.0,Trailing stop hit at $40250.13 (8.0% from high of $43750.14)
2022-04-13 12:00:00,2022-04-13 13:00:00,SHORT,39700.01,40521.75,-800.9132315617815,-2.069873534036888,1.0,Bullish MACD divergence detected
2022-04-14 13:00:00,2022-04-14 16:00:00,SHORT,40605.62,39951.1,609.5601058480444,1.6118951022050743,3.0,RSI reversal from oversold levels (RSI: 15.75)
2022-04-16 15:00:00,2022-04-17 02:00:00,SHORT,40062.68,40166.93,-99.79257967787518,-0.2602172395855694,11.0,Bullish MACD divergence detected
2022-04-17 02:00:00,2022-04-18 05:00:00,SHORT,40166.93,38922.21,1182.9420571273185,3.0988676505772315,27.0,RSI reversal from oversold levels (RSI: 19.98)
2022-04-24 16:00:00,2022-04-26 16:00:00,SHORT,39490.01,38667.14,818.4692509755013,2.083742192012619,48.0,RSI reversal from oversold levels (RSI: 12.92)
2022-05-01 18:00:00,2022-05-01 19:00:00,SHORT,37934.91,37807.87,134.01587361704142,0.3348894197982831,1.0,Bullish MACD divergence detected
2022-05-02 22:00:00,2022-05-03 11:00:00,SHORT,38591.04,38570.01,21.836951452788835,0.054494514788922074,13.0,Bullish MACD divergence detected
2022-05-20 14:00:00,2022-05-21 01:00:00,SHORT,29489.33,29150.0,460.43081915019116,1.150687384216602,11.0,Bullish MACD divergence detected
2022-05-22 03:00:00,2022-05-24 08:00:00,SHORT,29363.5,29158.44,282.08820481283266,0.6983499923374302,53.0,Bullish MACD divergence detected
2022-05-25 11:00:00,2022-05-26 23:00:00,SHORT,29409.01,29201.35,286.6425011474139,0.7061101342751758,36.0,Bullish MACD divergence detected
2022-05-28 08:00:00,2022-05-30 20:00:00,SHORT,28838.49,31277.18,3450.182488643217,-8.4563720222522,60.0,Trailing stop hit at $31109.21 (8.0% from low of $28804.82)
2022-06-01 05:00:00,2022-06-01 09:00:00,LONG,31622.28,31695.99,102.94639929023535,0.2330951468395156,4.0,Bearish MACD divergence detected
2022-06-04 14:00:00,2022-06-06 04:00:00,LONG,29777.32,31222.91,2144.769305665879,4.854667915044067,38.0,RSI reversal from overbought levels (RSI: 83.06)
2022-06-08 19:00:00,2022-06-12 02:00:00,LONG,30140.14,27427.48,-4161.117978626987,-9.000157265361077,79.0,Trailing stop hit at $27949.06 (8.5% from high of $30549.46)
2022-06-26 22:00:00,2022-06-28 13:00:00,SHORT,21143.78,21058.34,169.65519378710943,0.40409047010515003,39.0,Bullish MACD divergence detected
2022-06-30 23:00:00,2022-07-06 13:00:00,LONG,19942.21,20228.36,603.6610414808997,1.4348961323745035,134.0,Bearish MACD divergence detected
2022-07-13 16:00:00,2022-07-14 14:00:00,LONG,19631.78,19893.58,567.9461530522581,1.3335520263572784,22.0,Bearish MACD divergence detected
2022-07-14 14:00:00,2022-07-15 02:00:00,LONG,19893.58,20489.64,1290.5183848668767,2.9962430090511494,12.0,Bearish MACD divergence detected
2022-07-16 08:00:00,2022-07-17 03:00:00,LONG,20606.76,21324.18,1541.4020594975766,3.481478893334042,19.0,Bearish MACD divergence detected
2022-07-18 20:00:00,2022-07-18 23:00:00,LONG,21493.18,22432.58,1998.5281836355707,4.370688748710062,3.0,Bearish MACD divergence detected
2022-07-24 12:00:00,2022-07-24 22:00:00,LONG,22495.59,22657.2,342.18342565662243,0.7184074745316775,10.0,Bearish MACD divergence detected
2022-07-30 04:00:00,2022-07-30 08:00:00,LONG,23739.21,23895.01,314.21885819097525,0.6562981666196949,4.0,Bearish MACD divergence detected
2022-08-02 16:00:00,2022-08-05 12:00:00,LONG,23378.71,23018.93,-740.1543468102747,-1.5389215230438242,68.0,Bearish MACD divergence detected
2022-08-07 12:00:00,2022-08-08 10:00:00,LONG,23115.02,24061.06,1934.2375777951745,4.09275008198133,22.0,RSI reversal from overbought levels (RSI: 80.56)
2022-08-12 00:00:00,2022-08-13 04:00:00,LONG,23964.37,24731.22,1571.1134537833561,3.1999589390415943,28.0,RSI reversal from overbought levels (RSI: 86.14)
2022-08-15 01:00:00,2022-08-19 01:00:00,LONG,24645.14,22761.81,-3864.4016369023343,-7.641790632960486,96.0,Trailing stop hit at $22924.30 (8.0% from high of $24917.72)
2022-08-21 06:00:00,2022-08-21 07:00:00,SHORT,21117.6,21251.38,-295.259761167504,-0.6335000189415582,1.0,Bullish MACD divergence detected
2022-08-22 14:00:00,2022-08-27 04:00:00,SHORT,21201.08,20145.54,2301.1373441673154,4.9787086318244205,110.0,RSI reversal from oversold levels (RSI: 8.87)
2022-08-28 16:00:00,2022-08-28 21:00:00,SHORT,19991.34,19964.01,66.20280264221097,0.13670919508147902,5.0,Bullish MACD divergence detected
2022-08-28 22:00:00,2022-09-03 15:00:00,SHORT,19903.85,19772.95,318.27761169360593,0.6576617086643932,137.0,Bullish MACD divergence detected
2022-09-04 03:00:00,2022-09-04 06:00:00,SHORT,19772.79,19700.96,176.61276950684126,0.36327700845455674,3.0,Bullish MACD divergence detected
2022-09-04 13:00:00,2022-09-04 14:00:00,SHORT,19712.64,19746.71,-84.1625556019077,-0.17283326840037513,1.0,Bullish MACD divergence detected
2022-09-05 05:00:00,2022-09-05 18:00:00,SHORT,19726.04,19741.39,-37.751917126981354,-0.07781592250648658,13.0,Bullish MACD divergence detected
2022-09-05 18:00:00,2022-09-07 00:00:00,SHORT,19741.39,18833.11,2225.8972846910606,4.6008918318314915,30.0,RSI reversal from oversold levels (RSI: 16.28)
2022-09-11 20:00:00,2022-09-12 00:00:00,LONG,21635.72,21637.99,5.29911185203363,0.010491908750900994,4.0,Bearish MACD divergence detected
2022-09-21 19:00:00,2022-09-25 13:00:00,SHORT,19001.03,18934.88,175.5003035849312,0.34813902193722035,90.0,Bullish MACD divergence detected
2022-09-29 12:00:00,2022-10-01 05:00:00,SHORT,19211.63,19317.92,-279.315584394396,-0.5532586251140441,41.0,RSI reversal from oversold levels (RSI: 13.95)
2022-10-02 06:00:00,2022-10-02 07:00:00,SHORT,19278.81,19285.26,-16.76353404883849,-0.03345642184344931,1.0,Bullish MACD divergence detected
2022-10-02 07:00:00,2022-10-02 21:00:00,SHORT,19285.26,19196.55,229.9421975902151,0.45998861306510325,14.0,Bullish MACD divergence detected
2022-10-02 22:00:00,2022-10-02 23:00:00,SHORT,19170.64,19056.8,297.6157863341185,0.5938247236399001,1.0,Bullish MACD divergence detected
2022-10-03 14:00:00,2022-10-04 00:00:00,LONG,19416.25,19562.41,378.7614156691346,0.7527715187021173,10.0,Bearish MACD divergence detected
2022-10-05 13:00:00,2022-10-05 16:00:00,LONG,19920.35,20231.58,790.4570298569921,1.5623721470757452,3.0,Bearish MACD divergence detected
2022-10-09 19:00:00,2022-10-10 01:00:00,LONG,19468.96,19501.43,85.52711326813436,0.16677829735127694,6.0,Bearish MACD divergence detected
2022-10-12 13:00:00,2022-10-12 18:00:00,LONG,19115.62,19117.63,5.390478929740185,0.01051496106326678,5.0,Bearish MACD divergence detected
2022-10-20 08:00:00,2022-10-20 17:00:00,SHORT,19114.67,19099.11,41.65231629378023,0.08140344562578204,9.0,Bullish MACD divergence detected
2022-10-20 18:00:00,2022-10-25 00:00:00,SHORT,19062.89,19308.75,-659.1438767703789,-1.2897309904217071,102.0,Bullish MACD divergence detected
2022-10-25 01:00:00,2022-10-25 20:00:00,LONG,19297.63,20188.99,2325.5082478914555,4.6190128010538105,19.0,RSI reversal from overbought levels (RSI: 87.11)
2022-10-27 13:00:00,2022-10-29 10:00:00,LONG,20524.54,20773.86,638.5768811989872,1.2147409881049696,45.0,Bearish MACD divergence detected
2022-11-02 00:00:00,2022-11-04 13:00:00,LONG,20518.48,20760.25,625.7007748461848,1.1783036560213058,61.0,RSI reversal from overbought levels (RSI: 83.27)
2022-11-06 05:00:00,2022-11-06 08:00:00,LONG,21155.41,21253.7,249.1269947559755,0.4646092890660161,3.0,Bearish MACD divergence detected
2022-11-13 05:00:00,2022-11-17 04:00:00,SHORT,16853.68,16504.0,1115.4626598122677,2.0747990943224286,95.0,Bullish MACD divergence detected
2022-11-17 15:00:00,2022-11-18 17:00:00,SHORT,16536.71,16597.08,-199.9444709706516,-0.3650665700735069,26.0,RSI reversal from oversold levels (RSI: 15.61)
2022-11-20 08:00:00,2022-11-20 20:00:00,SHORT,16615.67,16537.99,254.60663138654706,0.4675104885929767,12.0,Bullish MACD divergence detected
2022-11-25 12:00:00,2022-11-27 09:00:00,SHORT,16507.19,16522.92,-52.034641290888516,-0.09529180920556173,45.0,Bullish MACD divergence detected
2022-11-27 23:00:00,2022-11-28 12:00:00,SHORT,16428.78,16185.77,805.3271512847728,1.4791725252879302,13.0,Bullish MACD divergence detected
2022-11-28 16:00:00,2022-11-29 00:00:00,SHORT,16311.56,16179.02,448.04249661528996,0.8125525700791283,8.0,Bullish MACD divergence detected
2022-12-01 15:00:00,2022-12-04 15:00:00,LONG,16977.67,17029.88,170.60526796938112,0.3075215857064177,72.0,Bearish MACD divergence detected
2022-12-04 15:00:00,2022-12-05 02:00:00,LONG,17029.88,17245.12,701.9303755890984,1.263896163684054,11.0,RSI reversal from overbought levels (RSI: 86.47)
2022-12-05 15:00:00,2022-12-08 20:00:00,LONG,17083.92,17195.91,367.9301622438239,0.6555287076970719,77.0,RSI reversal from overbought levels (RSI: 82.13)
2022-12-09 13:00:00,2022-12-10 00:00:00,LONG,17150.7,17152.88,7.166708853762025,0.012710851452129015,11.0,Bearish MACD divergence detected
2022-12-10 01:00:00,2022-12-10 07:00:00,LONG,17154.43,17154.06,-1.2138269651739526,-0.00215687726143615,6.0,Bearish MACD divergence detected
2022-12-10 10:00:00,2022-12-10 13:00:00,LONG,17163.94,17158.24,-18.651373406088624,-0.03320915827017043,3.0,Bearish MACD divergence detected
2022-12-10 14:00:00,2022-12-11 17:00:00,LONG,17166.34,17177.19,35.41535175052373,0.06320508623270042,27.0,Bearish MACD divergence detected
2022-12-11 20:00:00,2022-12-12 22:00:00,LONG,17100.97,17157.98,186.54150997815347,0.33337290223886945,26.0,RSI reversal from overbought levels (RSI: 82.39)
2022-12-13 07:00:00,2022-12-13 23:00:00,LONG,17165.17,17774.7,1989.6193765327514,3.5509697835792045,16.0,Bearish MACD divergence detected
2022-12-18 18:00:00,2022-12-20 13:00:00,LONG,16746.22,16795.62,170.817844002323,0.2949919444507346,43.0,RSI reversal from overbought levels (RSI: 81.01)
2022-12-21 14:00:00,2022-12-23 13:00:00,LONG,16796.34,16841.76,156.7353850080401,0.2704160549262414,47.0,Bearish MACD divergence detected
2022-12-25 15:00:00,2022-12-28 01:00:00,SHORT,16793.09,16695.55,336.89276474901783,0.5808341407090707,58.0,Bullish MACD divergence detected
2022-12-30 05:00:00,2023-01-06 13:00:00,SHORT,16554.39,16774.19,-773.0414370593356,-1.3277444834874574,176.0,Bullish MACD divergence detected
2023-01-06 13:00:00,2023-01-12 00:00:00,SHORT,16774.19,18264.1,5092.4518068068965,-8.882157648148734,131.0,Trailing stop hit at $18088.73 (8.0% from low of $16748.82)
2023-01-15 18:00:00,2023-01-16 00:00:00,LONG,20817.94,20966.58,444.8663447427649,0.7139995599949037,6.0,Bearish MACD divergence detected
2023-01-16 00:00:00,2023-01-16 15:00:00,LONG,20966.58,20994.17,82.40994299946576,0.13159036905397306,15.0,Bearish MACD divergence detected
2023-01-16 15:00:00,2023-01-17 09:00:00,LONG,20994.17,21174.92,538.8126297279724,0.8609533027502397,18.0,Bearish MACD divergence detected
2023-01-17 15:00:00,2023-01-17 21:00:00,LONG,21176.06,21312.63,406.2805925082492,0.6449263932950686,6.0,Bearish MACD divergence detected
2023-01-18 10:00:00,2023-01-18 13:00:00,LONG,21183.83,21403.31,655.5895830400895,1.0360732690925085,3.0,Bearish MACD divergence detected
2023-01-18 15:00:00,2023-01-20 12:00:00,LONG,21042.73,21089.54,141.93517160427461,0.2224521247956007,45.0,Bearish MACD divergence detected
2023-01-23 09:00:00,2023-01-23 14:00:00,LONG,22784.18,22622.05,-454.1302318639826,-0.7115902349788362,5.0,Bearish MACD divergence detected
2023-01-23 15:00:00,2023-01-24 18:00:00,LONG,22853.14,22999.85,405.9669577980546,0.6419686747641643,27.0,Bearish MACD divergence detected
2023-01-26 11:00:00,2023-01-26 12:00:00,LONG,22992.94,23120.96,353.649493203375,0.5567796027824212,1.0,Bearish MACD divergence detected
2023-01-26 14:00:00,2023-01-26 20:00:00,LONG,23039.35,23112.57,202.57878650718692,0.31780410471650095,6.0,Bearish MACD divergence detected
2023-01-27 05:00:00,2023-01-27 20:00:00,LONG,23034.92,23108.82,204.7399363789902,0.32081726352859685,15.0,Bearish MACD divergence detected
2023-01-28 15:00:00,2023-01-29 17:00:00,LONG,23012.54,23591.38,1607.1715667942626,2.5153242536460563,26.0,RSI reversal from overbought levels (RSI: 81.97)
2023-01-31 22:00:00,2023-02-02 14:00:00,LONG,23181.81,23609.11,1204.9922270310128,1.8432555525215641,40.0,Bearish MACD divergence detected
2023-02-06 15:00:00,2023-02-07 18:00:00,LONG,23041.39,22932.28,-314.64852027034595,-0.4735391397828021,27.0,Bearish MACD divergence detected
2023-02-07 19:00:00,2023-02-12 14:00:00,LONG,23091.9,21923.78,-3338.605261190388,-5.058570321194889,115.0,Bearish MACD divergence detected
2023-02-12 21:00:00,2023-02-15 19:00:00,SHORT,21738.38,23318.9,4546.463215657702,-7.270642982595761,70.0,Trailing stop hit at $23175.05 (8.0% from low of $21458.38)
2023-02-19 08:00:00,2023-02-19 13:00:00,LONG,24569.06,24669.99,275.0261054474875,0.4108012272345799,5.0,Bearish MACD divergence detected
2023-02-19 16:00:00,2023-02-20 15:00:00,LONG,24777.62,24942.87,447.4425219820795,0.6669324979558167,23.0,RSI reversal from overbought levels (RSI: 84.12)
2023-02-27 10:00:00,2023-02-27 13:00:00,LONG,23378.79,23703.01,934.7464777929272,1.3868125766987836,3.0,Bearish MACD divergence detected
2023-02-28 03:00:00,2023-03-02 00:00:00,LONG,23467.52,23606.95,405.21311130216174,0.5941403267153934,45.0,Bearish MACD divergence detected
2023-03-04 22:00:00,2023-03-06 11:00:00,SHORT,22305.98,22379.57,-225.89061122747117,-0.3299115304505794,37.0,Bullish MACD divergence detected
2023-03-07 15:00:00,2023-03-08 13:00:00,SHORT,22320.9,21989.16,1012.2346644997211,1.4862303939357355,22.0,Bullish MACD divergence detected
2023-03-08 15:00:00,2023-03-08 21:00:00,SHORT,22140.8,22009.75,408.3036364956236,0.5918936985113423,6.0,Bullish MACD divergence detected
2023-03-18 23:00:00,2023-03-19 03:00:00,LONG,26907.49,27198.71,749.5214395329278,1.08230087607576,4.0,Bearish MACD divergence detected
2023-03-19 07:00:00,2023-03-20 07:00:00,LONG,26974.81,28183.13,3129.4669524725864,4.4794384093900925,24.0,Bearish MACD divergence detected
2023-03-21 09:00:00,2023-03-21 10:00:00,LONG,27929.23,27962.2,85.99777775375992,0.11804836724822404,1.0,Bearish MACD divergence detected
2023-03-21 11:00:00,2023-03-22 03:00:00,LONG,28040.13,28154.14,295.96069014120195,0.40659583247295356,16.0,Bearish MACD divergence detected
2023-03-23 14:00:00,2023-03-24 06:00:00,LONG,28045.3,28262.83,565.7507759484008,0.7756379856874502,16.0,Bearish MACD divergence detected
2023-03-24 14:00:00,2023-03-27 09:00:00,LONG,27989.06,27925.63,-166.25027232502305,-0.22662425962143884,67.0,Bearish MACD divergence detected
2023-03-27 12:00:00,2023-03-29 08:00:00,LONG,27749.99,28506.99,1992.662147623995,2.7279289109653733,44.0,RSI reversal from overbought levels (RSI: 83.48)
2023-03-31 13:00:00,2023-04-01 20:00:00,LONG,28370.78,28446.78,200.61989171893296,0.2678812496519306,31.0,Bearish MACD divergence detected
2023-04-03 08:00:00,2023-04-04 11:00:00,LONG,28335.0,28289.52,-120.28816240363822,-0.16050820539968083,27.0,RSI reversal from overbought levels (RSI: 83.64)
2023-04-06 01:00:00,2023-04-09 22:00:00,LONG,28064.46,28371.39,816.6593520217449,1.0936608080112722,93.0,RSI reversal from overbought levels (RSI: 80.19)
2023-04-10 12:00:00,2023-04-10 15:00:00,LONG,28277.86,28439.38,430.32607217006665,0.5711889089202664,3.0,Bearish MACD divergence detected
2023-04-12 14:00:00,2023-04-16 19:00:00,LONG,30024.69,30309.06,716.1931602779091,0.9471205198122032,101.0,Bearish MACD divergence detected
2023-04-16 19:00:00,2023-04-21 06:00:00,LONG,30309.06,27916.88,-6012.779828584865,-7.892623525770842,107.0,Trailing stop hit at $27985.59 (8.0% from high of $30419.12)
2023-04-23 00:00:00,2023-04-26 00:00:00,LONG,27541.8,28299.63,1926.73294155179,2.7515630786658885,72.0,RSI reversal from overbought levels (RSI: 86.99)
2023-04-29 15:00:00,2023-04-30 02:00:00,SHORT,29271.21,29176.96,231.2138193322074,0.321988739105763,11.0,Bullish MACD divergence detected
2023-05-03 17:00:00,2023-05-04 10:00:00,LONG,28576.7,29243.62,1677.889185057043,2.333789415852769,17.0,RSI reversal from overbought levels (RSI: 80.23)
2023-05-04 13:00:00,2023-05-05 00:00:00,LONG,28761.51,28937.63,449.6333846702897,0.6123461528967102,11.0,Bearish MACD divergence detected
2023-05-05 13:00:00,2023-05-05 14:00:00,LONG,29175.57,29259.19,211.31837777592563,0.2866096532132842,1.0,Bearish MACD divergence detected
2023-05-07 14:00:00,2023-05-12 02:00:00,LONG,29045.71,26646.7,-6094.971570069926,-8.259429705798201,108.0,Trailing stop hit at $26722.05 (8.0% from high of $29045.71)
2023-05-12 21:00:00,2023-05-16 19:00:00,SHORT,26750.09,26933.05,-462.06789932237416,-0.6839603156475329,94.0,Bullish MACD divergence detected
2023-05-18 14:00:00,2023-05-19 10:00:00,SHORT,27244.99,26823.08,1036.944318545906,1.5485782890725959,20.0,Bullish MACD divergence detected
2023-05-24 03:00:00,2023-05-24 06:00:00,SHORT,26786.0,26712.55,186.08769618885898,0.27421040842231287,3.0,RSI reversal from oversold levels (RSI: 17.77)
2023-05-26 05:00:00,2023-05-31 10:00:00,SHORT,26347.43,27056.53,-1827.781872565144,-2.6913440893476084,125.0,RSI reversal from oversold levels (RSI: 15.55)
2023-06-02 13:00:00,2023-06-03 06:00:00,LONG,26908.84,27182.35,670.3533736761576,1.0164317748368135,17.0,Bearish MACD divergence detected
2023-06-03 11:00:00,2023-06-03 13:00:00,LONG,27129.79,27166.98,91.144965940471,0.1370817835302031,2.0,Bearish MACD divergence detected
2023-06-03 13:00:00,2023-06-03 14:00:00,LONG,27166.98,27171.24,10.419519200644958,0.015680800736784278,1.0,Bearish MACD divergence detected
2023-06-03 15:00:00,2023-06-04 20:00:00,LONG,27305.26,27241.51,-154.85044445779874,-0.23347149963047412,29.0,Bearish MACD divergence detected
2023-06-04 23:00:00,2023-06-07 00:00:00,LONG,27115.21,27179.8,157.30615484323098,0.23820578929685646,49.0,RSI reversal from overbought levels (RSI: 82.28)
2023-06-10 01:00:00,2023-06-10 06:00:00,SHORT,26396.93,25538.81,2147.5995308547385,3.2508325778793172,5.0,RSI reversal from oversold levels (RSI: 10.10)
2023-06-12 02:00:00,2023-06-14 05:00:00,SHORT,25773.47,25845.14,-189.30471626827028,-0.2780766423768249,51.0,Bullish MACD divergence detected
2023-06-14 19:00:00,2023-06-15 07:00:00,SHORT,25874.59,24983.8,2332.486772929276,3.442721217998047,12.0,Bullish MACD divergence detected
2023-06-23 14:00:00,2023-06-24 12:00:00,LONG,30282.04,30694.57,952.8688349006918,1.3622926328609262,22.0,Bearish MACD divergence detected
2023-06-24 15:00:00,2023-06-25 02:00:00,LONG,30398.71,30621.3,518.115344009593,0.7322350191833803,11.0,Bearish MACD divergence detected
2023-06-26 13:00:00,2023-06-29 11:00:00,LONG,30639.14,30670.94,73.82936182875228,0.10378881391579292,70.0,RSI reversal from overbought levels (RSI: 80.67)
2023-06-30 00:00:00,2023-06-30 02:00:00,LONG,30441.34,30661.82,514.7139543509201,0.7242782347951817,2.0,Bearish MACD divergence detected
2023-07-01 06:00:00,2023-07-01 19:00:00,LONG,30450.26,30609.51,373.60889742557464,0.5229840402019557,13.0,RSI reversal from overbought levels (RSI: 81.01)
2023-07-02 03:00:00,2023-07-02 16:00:00,LONG,30509.31,30561.58,122.78561767368866,0.17132475300162617,13.0,Bearish MACD divergence detected
2023-07-02 16:00:00,2023-07-03 14:00:00,LONG,30561.58,30736.27,409.53852707789895,0.5716000285325519,22.0,Bearish MACD divergence detected
2023-07-04 09:00:00,2023-07-04 11:00:00,LONG,31016.91,31067.99,118.4305340446965,0.16468436088572894,2.0,Bearish MACD divergence detected
2023-07-04 15:00:00,2023-07-04 16:00:00,LONG,30964.37,30960.29,-9.472302562934829,-0.013176434721578733,1.0,Bearish MACD divergence detected
2023-07-04 16:00:00,2023-07-09 13:00:00,LONG,30960.29,30265.14,-1610.6636034739201,-2.245295505952953,117.0,Bearish MACD divergence detected
2023-07-09 14:00:00,2023-07-10 20:00:00,LONG,30341.02,30779.01,1010.2387305473126,1.443557269992894,30.0,RSI reversal from overbought levels (RSI: 80.37)
2023-07-10 22:00:00,2023-07-11 06:00:00,LONG,30347.37,30634.59,670.5717401905279,0.9464411578334504,8.0,Bearish MACD divergence detected
2023-07-14 17:00:00,2023-07-14 19:00:00,SHORT,30688.64,30115.17,1333.8615530494658,1.8686719255072926,2.0,RSI reversal from oversold levels (RSI: 18.85)
2023-07-16 23:00:00,2023-07-18 03:00:00,SHORT,30231.99,30073.96,379.34127007381386,0.5227244385831117,28.0,Bullish MACD divergence detected
2023-07-18 08:00:00,2023-07-19 15:00:00,SHORT,30021.99,29956.46,158.91155185095073,0.21827333897587223,31.0,Bullish MACD divergence detected
2023-07-19 15:00:00,2023-07-19 22:00:00,SHORT,29956.46,29872.8,203.35787052636496,0.27927198340524834,7.0,Bullish MACD divergence detected
2023-07-19 22:00:00,2023-07-21 07:00:00,SHORT,29872.8,29766.81,258.5627370992997,0.35480437053104485,33.0,Bullish MACD divergence detected
2023-07-30 13:00:00,2023-08-01 03:00:00,SHORT,29287.91,28835.0,1128.6809268932825,1.5464060084860949,38.0,RSI reversal from oversold levels (RSI: 18.83)
2023-08-01 17:00:00,2023-08-03 04:00:00,SHORT,28954.01,29136.43,-466.0296440250552,-0.6300336291933377,35.0,Bullish MACD divergence detected
2023-08-04 18:00:00,2023-08-05 04:00:00,SHORT,29062.51,29056.01,16.406404374291842,0.022365583702164748,10.0,Bullish MACD divergence detected
2023-08-06 12:00:00,2023-08-10 04:00:00,SHORT,29033.13,29542.05,-1283.5625272181294,-1.7528940214162174,88.0,Bullish MACD divergence detected
2023-08-10 13:00:00,2023-08-17 21:00:00,LONG,29680.11,26253.92,-8288.010514450103,-11.543724063017294,176.0,Trailing stop hit at $27305.70 (8.0% from high of $29680.11)
2023-08-19 15:00:00,2023-08-21 15:00:00,SHORT,26216.01,25939.59,668.2056077522624,1.054393860850672,48.0,Bullish MACD divergence detected
2023-08-21 15:00:00,2023-08-22 16:00:00,SHORT,25939.59,26020.01,-198.1522110225641,-0.31002803051242617,25.0,Bullish MACD divergence detected
2023-08-23 11:00:00,2023-08-23 13:00:00,SHORT,25939.49,26018.22,-193.00025283115448,-0.3035140629210503,2.0,Bullish MACD divergence detected
2023-08-26 04:00:00,2023-08-26 08:00:00,SHORT,26076.0,26041.9,82.73741919242414,0.13077159073476968,4.0,Bullish MACD divergence detected
2023-08-26 16:00:00,2023-08-31 17:00:00,SHORT,26041.93,26329.07,-697.1210538896055,-1.1026064504435709,121.0,RSI reversal from oversold levels (RSI: 18.95)
2023-09-02 19:00:00,2023-09-03 08:00:00,LONG,25833.39,25882.18,117.8550139167583,0.18886410184648966,13.0,Bearish MACD divergence detected
2023-09-03 16:00:00,2023-09-03 18:00:00,LONG,25846.9,25934.01,210.2855572719307,0.33702300856194334,2.0,Bearish MACD divergence detected
2023-09-03 18:00:00,2023-09-04 03:00:00,LONG,25934.01,25987.56,129.0129612636869,0.20648561483551103,9.0,Bearish MACD divergence detected
2023-09-04 10:00:00,2023-09-12 11:00:00,LONG,25907.79,26098.99,461.13572143233733,0.7380019677479273,193.0,RSI reversal from overbought levels (RSI: 83.98)
2023-09-13 07:00:00,2023-09-17 07:00:00,SHORT,25879.91,26495.93,-1495.3084610211197,-2.3803019407718207,96.0,Bullish MACD divergence detected
2023-09-17 08:00:00,2023-09-19 07:00:00,LONG,26551.14,26847.21,682.4452372437102,1.115093363222821,47.0,Bearish MACD divergence detected
2023-09-20 06:00:00,2023-09-20 13:00:00,LONG,27064.07,27160.09,219.11743103946742,0.35478773148310816,7.0,Bearish MACD divergence detected
2023-09-20 13:00:00,2023-09-20 14:00:00,LONG,27160.09,27124.99,-79.93829035608609,-0.12923373965255103,1.0,Bearish MACD divergence detected
2023-09-20 23:00:00,2023-09-24 18:00:00,LONG,27125.0,26591.85,-1211.790118187522,-1.965529953917056,91.0,Bearish MACD divergence detected
2023-09-27 00:00:00,2023-09-27 12:00:00,LONG,26257.54,26722.48,1068.050238301588,1.7706913899778833,12.0,RSI reversal from overbought levels (RSI: 85.34)
2023-09-28 01:00:00,2023-09-29 07:00:00,LONG,26451.46,27179.98,1687.337279010448,2.7541768960957183,30.0,Bearish MACD divergence detected
2023-10-04 16:00:00,2023-10-05 09:00:00,LONG,27524.06,27684.68,366.6395488359401,0.5835621634308273,17.0,Bearish MACD divergence detected
2023-10-06 14:00:00,2023-10-07 08:00:00,LONG,27670.0,28006.61,767.238786158117,1.216516082399713,18.0,Bearish MACD divergence detected
2023-10-08 02:00:00,2023-10-14 13:00:00,LONG,28012.64,26907.61,-2513.160988075621,-3.9447549391988717,155.0,Bearish MACD divergence detected
2023-10-18 17:00:00,2023-10-19 01:00:00,SHORT,28330.04,28238.53,197.26764305899002,0.3230140162174216,8.0,Bullish MACD divergence detected
2023-10-19 01:00:00,2023-10-23 03:00:00,SHORT,28238.53,30736.69,5409.356454308234,-8.846636138637528,98.0,Trailing stop hit at $30466.80 (8.0% from low of $28210.00)
2023-10-28 12:00:00,2023-10-30 08:00:00,LONG,34022.58,34385.32,708.2343069461177,1.0661742877818141,44.0,Bearish MACD divergence detected
2023-10-30 08:00:00,2023-10-30 09:00:00,LONG,34385.32,34532.09,285.9923183373368,0.4268391278603683,1.0,Bearish MACD divergence detected
2023-10-30 09:00:00,2023-10-31 00:00:00,LONG,34532.09,34511.89,-39.28269433212382,-0.058496314587379715,15.0,Bearish MACD divergence detected
2023-10-31 10:00:00,2023-11-01 07:00:00,LONG,34433.5,34451.28,34.585969286070736,0.051635761685564455,21.0,Bearish MACD divergence detected
2023-11-01 10:00:00,2023-11-05 17:00:00,LONG,34374.69,35066.92,1346.841173740956,2.0137781606175817,103.0,Bearish MACD divergence detected
2023-11-06 09:00:00,2023-11-06 22:00:00,LONG,35118.2,35115.73,-4.789253813117007,-0.007033390094007918,13.0,Bearish MACD divergence detected
2023-11-08 10:00:00,2023-11-08 11:00:00,LONG,35398.22,35330.79,-129.4420204071459,-0.19048980428959503,1.0,Bearish MACD divergence detected
2023-11-08 15:00:00,2023-11-08 16:00:00,LONG,35225.68,35406.42,347.2965834653902,0.5130915854569676,1.0,Bearish MACD divergence detected
2023-11-08 16:00:00,2023-11-08 18:00:00,LONG,35406.42,35589.57,351.2257524836574,0.5172790697280365,2.0,Bearish MACD divergence detected
2023-11-11 06:00:00,2023-11-11 12:00:00,LONG,37084.27,37099.8,28.524438517630546,0.04187759392326211,6.0,Bearish MACD divergence detected
2023-11-11 12:00:00,2023-11-11 13:00:00,LONG,37099.8,37142.01,77.37348514125398,0.11377419824365392,1.0,Bearish MACD divergence detected
2023-11-11 13:00:00,2023-11-11 14:00:00,LONG,37142.01,37236.83,173.46354937709455,0.2552904379703729,1.0,Bearish MACD divergence detected
2023-11-11 22:00:00,2023-11-12 13:00:00,LONG,36891.91,37069.25,326.80495056367386,0.4807015955530535,15.0,Bearish MACD divergence detected
2023-11-13 01:00:00,2023-11-15 22:00:00,LONG,37192.96,37706.62,941.550855972632,1.3810678149843505,69.0,RSI reversal from overbought levels (RSI: 92.05)
2023-11-16 13:00:00,2023-11-19 06:00:00,LONG,36770.0,36601.09,-316.87229544089905,-0.45936905085668617,65.0,Bearish MACD divergence detected
2023-11-19 15:00:00,2023-11-19 16:00:00,LONG,36568.27,36557.98,-19.28247856228417,-0.028139149049144514,1.0,Bearish MACD divergence detected
2023-11-19 18:00:00,2023-11-20 02:00:00,LONG,36835.99,37303.92,868.4984959525597,1.2703065670286051,8.0,RSI reversal from overbought levels (RSI: 86.52)
2023-11-22 18:00:00,2023-11-23 08:00:00,LONG,37197.99,37500.0,561.0233429338075,0.8118987074301651,14.0,Bearish MACD divergence detected
2023-11-25 05:00:00,2023-11-25 16:00:00,LONG,37812.77,37739.01,-135.61501258819618,-0.19506637572437768,11.0,Bearish MACD divergence detected
2023-11-26 05:00:00,2023-11-26 08:00:00,LONG,37773.21,37755.48,-32.50366498344943,-0.04693802830099937,3.0,Bearish MACD divergence detected
2023-11-28 07:00:00,2023-11-29 06:00:00,LONG,37105.11,38174.41,1990.6742976863973,2.88181331358404,23.0,Bearish MACD divergence detected
2023-11-29 21:00:00,2023-12-01 05:00:00,LONG,37739.0,38120.84,717.6408676248648,1.0117915154084542,32.0,RSI reversal from overbought levels (RSI: 80.11)
2023-12-02 17:00:00,2023-12-02 18:00:00,LONG,38795.09,38872.72,143.07915164467582,0.2001026418549478,1.0,Bearish MACD divergence detected
2023-12-07 08:00:00,2023-12-09 05:00:00,LONG,43585.6,44274.99,1130.9554442974893,1.5816921184978512,45.0,Bearish MACD divergence detected
2023-12-09 10:00:00,2023-12-09 14:00:00,LONG,43835.05,43935.58,166.24588706153315,0.22933702596437971,4.0,Bearish MACD divergence detected
2023-12-15 07:00:00,2023-12-15 09:00:00,LONG,42699.99,42834.91,229.11426053248582,0.31597197095363616,2.0,Bearish MACD divergence detected
2023-12-17 18:00:00,2023-12-19 08:00:00,LONG,42173.21,43088.06,1574.77759517408,2.169268120686091,38.0,Bearish MACD divergence detected
2023-12-23 02:00:00,2023-12-23 11:00:00,SHORT,43490.85,43547.78,-96.89687487204151,-0.1309010975871943,9.0,Bullish MACD divergence detected
2023-12-24 05:00:00,2023-12-31 01:00:00,LONG,43490.01,42170.63,-2238.249052131558,-3.0337541886056236,164.0,Bearish MACD divergence detected
2023-12-31 06:00:00,2023-12-31 16:00:00,LONG,42252.68,42592.47,574.1459554260181,0.8041856753228456,10.0,Bearish MACD divergence detected
2024-01-05 01:00:00,2024-01-11 14:00:00,SHORT,43376.0,48571.22,8602.673296610978,-11.97717631870159,157.0,Trailing stop hit at $47618.25 (10.2% from low of $43225.99)
2024-01-14 16:00:00,2024-01-16 03:00:00,LONG,42929.95,42924.56,-10.078928271038393,-0.012555337241248635,35.0,Bearish MACD divergence detected
2024-01-18 10:00:00,2024-01-19 14:00:00,SHORT,42447.66,40969.31,2789.8822568819905,3.4827597092513596,28.0,Bullish MACD divergence detected
2024-01-21 16:00:00,2024-01-22 15:00:00,SHORT,41607.18,40771.99,1660.706848272848,2.0073218132062842,23.0,Bullish MACD divergence detected
2024-01-25 02:00:00,2024-01-29 16:00:00,SHORT,39939.84,43200.0,6875.10670247831,-8.16267666570523,110.0,Trailing stop hit at $42887.15 (8.0% from low of $39710.32)
2024-02-01 14:00:00,2024-02-02 15:00:00,LONG,42651.1,43242.09,1259.9054477503164,1.38563835399321,25.0,Bearish MACD divergence detected
2024-02-03 15:00:00,2024-02-07 09:00:00,LONG,43119.06,43146.0,57.48171570681485,0.0624781709063285,90.0,Bearish MACD divergence detected
2024-02-07 13:00:00,2024-02-07 14:00:00,LONG,43141.98,43028.6,-241.45727640624892,-0.26280666765875055,1.0,Bearish MACD divergence detected
2024-02-07 15:00:00,2024-02-08 01:00:00,LONG,43071.08,44654.73,3362.515810778287,3.6768290927462264,10.0,RSI reversal from overbought levels (RSI: 90.77)
2024-02-13 18:00:00,2024-02-14 15:00:00,LONG,49107.84,51590.0,4782.973028160004,5.054508607994169,21.0,RSI reversal from overbought levels (RSI: 80.28)
2024-02-16 11:00:00,2024-02-16 14:00:00,LONG,52213.86,51920.31,-557.8043073215425,-0.5622070461751015,3.0,Bearish MACD divergence detected
2024-02-18 20:00:00,2024-02-22 16:00:00,LONG,51776.0,51479.09,-564.627340208303,-0.5734510197775098,92.0,Bearish MACD divergence detected
2024-02-22 18:00:00,2024-02-25 14:00:00,LONG,51718.81,51741.22,42.33404253924505,0.04333046332659915,68.0,Bearish MACD divergence detected
2024-02-25 19:00:00,2024-02-25 20:00:00,LONG,51672.96,51735.8,118.62836670877944,0.12161099344803121,1.0,Bearish MACD divergence detected
2024-02-26 14:00:00,2024-02-27 00:00:00,LONG,51687.02,54554.93,5408.278813232885,5.548607754906365,10.0,RSI reversal from overbought levels (RSI: 92.30)
2024-03-01 15:00:00,2024-03-02 12:00:00,LONG,61263.99,62078.66,1365.393503692988,1.329769739124085,21.0,Bearish MACD divergence detected
2024-03-03 12:00:00,2024-03-04 10:00:00,LONG,62184.02,65068.18,4816.102027499789,4.638104773541504,22.0,RSI reversal from overbought levels (RSI: 80.68)
2024-03-05 16:00:00,2024-03-07 07:00:00,LONG,65495.98,66387.78,1476.5496584233495,1.361610285089246,39.0,Bearish MACD divergence detected
2024-03-07 07:00:00,2024-03-07 08:00:00,LONG,66387.78,66665.41,458.7581563830044,0.41819443277061635,1.0,Bearish MACD divergence detected
2024-03-09 10:00:00,2024-03-09 13:00:00,LONG,68177.99,68345.57,270.2269999295956,0.24579780072718738,3.0,Bearish MACD divergence detected
2024-03-09 13:00:00,2024-03-09 21:00:00,LONG,68345.57,68376.13,49.18038745703262,0.04471394415175361,8.0,Bearish MACD divergence detected
2024-03-12 16:00:00,2024-03-13 18:00:00,LONG,70507.37,73133.59,4090.447966244992,3.7247453705903393,26.0,Bearish MACD divergence detected
2024-03-14 13:00:00,2024-03-16 23:00:00,LONG,71884.81,65300.63,-10412.806884845146,-9.159348129319673,58.0,Trailing stop hit at $66157.21 (8.0% from high of $71910.01)
2024-03-18 01:00:00,2024-03-18 12:00:00,LONG,67630.46,68550.54,1402.0189387469886,1.3604520803200024,11.0,Bearish MACD divergence detected
2024-03-20 17:00:00,2024-03-21 13:00:00,LONG,64107.58,66736.01,4274.280444883483,4.100029980854048,20.0,Bearish MACD divergence detected
2024-03-23 23:00:00,2024-03-25 14:00:00,SHORT,63990.01,69377.19,9118.517642922105,-8.418782869388519,39.0,Trailing stop hit at $69080.02 (8.0% from low of $63962.98)
2024-03-27 13:00:00,2024-04-02 14:00:00,SHORT,69892.0,65702.31,7025.845828589277,5.994520116751563,145.0,RSI reversal from oversold levels (RSI: 15.18)
2024-04-03 14:00:00,2024-04-04 18:00:00,LONG,66627.93,68593.5,3657.761317126736,2.9500691376724553,28.0,RSI reversal from overbought levels (RSI: 91.93)
2024-04-05 07:00:00,2024-04-05 14:00:00,LONG,66930.74,68139.39,2300.5314479800095,1.8058219586396238,7.0,Bearish MACD divergence detected
2024-04-06 14:00:00,2024-04-06 15:00:00,LONG,67993.99,68104.0,209.42387182598273,0.1617937114736093,1.0,Bearish MACD divergence detected
2024-04-06 16:00:00,2024-04-07 08:00:00,LONG,68143.48,69479.99,2537.7347278264338,1.9613175024228429,16.0,Bearish MACD divergence detected
2024-04-10 16:00:00,2024-04-12 19:00:00,SHORT,69500.0,66843.98,5031.756690329255,3.8216115107913726,51.0,RSI reversal from oversold levels (RSI: 12.44)
2024-04-14 22:00:00,2024-04-19 06:00:00,LONG,65330.3,64624.37,-1474.1946350093037,-1.0805552706783839,104.0,Bearish MACD divergence detected
2024-04-26 04:00:00,2024-04-26 13:00:00,SHORT,64210.85,64500.01,-606.5205705577443,-0.4503288774405003,9.0,Bullish MACD divergence detected
2024-04-26 14:00:00,2024-04-27 10:00:00,SHORT,63854.16,62796.0,2217.413675570642,1.6571512333730543,20.0,Bullish MACD divergence detected
2024-05-07 03:00:00,2024-05-08 06:00:00,SHORT,63239.49,62505.98,1574.6290363609999,1.1598923394227163,27.0,Bullish MACD divergence detected
2024-05-08 14:00:00,2024-05-08 20:00:00,SHORT,62560.01,61570.01,2168.9187345843206,1.5824805654602674,6.0,Bullish MACD divergence detected
2024-05-11 15:00:00,2024-05-13 00:00:00,LONG,61174.18,61512.89,769.345326041105,0.5536813080289742,33.0,Bearish MACD divergence detected
2024-05-13 01:00:00,2024-05-13 06:00:00,LONG,61415.87,61504.1,200.32191972624307,0.14365993675575373,5.0,Bearish MACD divergence detected
2024-05-13 06:00:00,2024-05-15 15:00:00,LONG,61504.1,64725.11,7298.537898418771,5.237065496446582,57.0,RSI reversal from overbought levels (RSI: 91.53)
2024-05-19 02:00:00,2024-05-19 08:00:00,LONG,67211.61,67160.01,-112.37626781813569,-0.07677245047396695,6.0,Bearish MACD divergence detected
2024-05-19 11:00:00,2024-05-20 21:00:00,LONG,67330.0,69717.79,5176.709708460518,3.546398336551305,34.0,RSI reversal from overbought levels (RSI: 81.76)
2024-05-21 19:00:00,2024-05-21 22:00:00,LONG,69285.99,70222.22,2038.375950171695,1.3512544166576763,3.0,Bearish MACD divergence detected
2024-05-22 04:00:00,2024-05-22 08:00:00,LONG,69599.98,70010.27,899.4869732168569,0.589497295832568,4.0,Bearish MACD divergence detected
2024-05-22 12:00:00,2024-05-25 03:00:00,LONG,69643.88,68757.85,-1948.7884233524937,-1.2722295196648992,63.0,Bearish MACD divergence detected
2024-05-26 05:00:00,2024-05-26 07:00:00,LONG,69139.6,69340.15,437.7838441629214,0.2900653171264924,2.0,Bearish MACD divergence detected
2024-05-26 08:00:00,2024-05-26 14:00:00,LONG,69160.33,69287.12,276.937660927439,0.18332763883572215,6.0,Bearish MACD divergence detected
2024-05-26 14:00:00,2024-05-26 15:00:00,LONG,69287.12,68847.99,-957.2423353721982,-0.6337830176806167,1.0,Bearish MACD divergence detected
2024-05-26 15:00:00,2024-05-31 02:00:00,LONG,68847.99,68539.99,-670.0507690714719,-0.44736237034661436,107.0,Bearish MACD divergence detected
2024-06-01 17:00:00,2024-06-04 02:00:00,LONG,67791.02,69139.57,2960.2264721381516,1.9892752756928613,57.0,Bearish MACD divergence detected
2024-06-06 20:00:00,2024-06-07 12:00:00,LONG,70720.01,71234.09,1101.0636095350603,0.7269229741341974,16.0,Bearish MACD divergence detected
2024-06-07 12:00:00,2024-06-12 15:00:00,LONG,71234.09,69734.0,-3206.513929116815,-2.105859708462615,123.0,RSI reversal from overbought levels (RSI: 81.25)
2024-06-14 14:00:00,2024-06-16 14:00:00,LONG,66982.98,66519.02,-1030.3815930800024,-0.6926535666224343,48.0,Bearish MACD divergence detected
2024-06-18 00:00:00,2024-06-19 08:00:00,SHORT,65749.99,65183.89,1269.3716726473751,0.8609887241047578,32.0,Bullish MACD divergence detected
2024-06-20 14:00:00,2024-06-22 09:00:00,SHORT,64952.02,64325.99,1430.3809931961562,0.9638345350922095,43.0,Bullish MACD divergence detected
2024-06-22 14:00:00,2024-06-22 19:00:00,SHORT,64287.96,64295.01,-16.39870986834139,-0.010966283577831542,5.0,Bullish MACD divergence detected
2024-06-26 15:00:00,2024-07-03 19:00:00,SHORT,61467.86,59671.1,4361.897817295805,2.923088586458032,172.0,Bullish MACD divergence detected
2024-07-06 03:00:00,2024-07-06 04:00:00,SHORT,56410.0,56059.49,952.4319521056137,0.621361460733916,1.0,Bullish MACD divergence detected
2024-07-07 13:00:00,2024-07-10 19:00:00,SHORT,56872.0,57392.03,-1407.4837548993798,-0.9143866929244598,78.0,RSI reversal from oversold levels (RSI: 17.65)
2024-07-11 03:00:00,2024-07-12 10:00:00,SHORT,57568.0,57172.84,1044.823411672205,0.6864230127848866,31.0,Bullish MACD divergence detected
2024-07-17 15:00:00,2024-07-18 13:00:00,LONG,64724.01,64594.2,-306.7599416415807,-0.20055926695519166,22.0,Bearish MACD divergence detected
2024-07-21 07:00:00,2024-07-21 14:00:00,LONG,66701.99,67290.76,1344.686377670803,0.8826873081297716,7.0,Bearish MACD divergence detected
2024-07-21 18:00:00,2024-07-22 12:00:00,LONG,66864.42,67697.11,1910.0899220526603,1.245340945154392,18.0,Bearish MACD divergence detected
2024-07-22 13:00:00,2024-07-26 04:00:00,LONG,67098.0,67075.83,-51.207436432853335,-0.03304122328534122,87.0,RSI reversal from overbought levels (RSI: 80.40)
2024-07-27 20:00:00,2024-07-27 21:00:00,LONG,67791.22,68860.0,2437.69349337823,1.5765758456626076,1.0,Bearish MACD divergence detected
2024-07-28 06:00:00,2024-07-29 13:00:00,LONG,67486.01,69273.6,4151.92678540399,2.648830476123883,31.0,Bearish MACD divergence detected
2024-07-31 13:00:00,2024-08-03 00:00:00,LONG,66508.0,61132.01,-12980.047632220283,-8.08322307090876,59.0,Trailing stop hit at $61351.12 (8.0% from high of $66686.00)
2024-08-12 11:00:00,2024-08-12 13:00:00,SHORT,59851.7,58157.55,4169.2181866467545,2.8305795825348223,2.0,Bullish MACD divergence detected
2024-08-14 13:00:00,2024-08-14 19:00:00,SHORT,59611.92,58891.13,1827.764017081363,1.2091373671574426,6.0,RSI reversal from oversold levels (RSI: 18.18)
2024-08-20 14:00:00,2024-08-22 07:00:00,LONG,59461.8,60984.31,3909.511326725077,2.5604842100306326,41.0,Bearish MACD divergence detected
2024-08-22 18:00:00,2024-08-22 21:00:00,LONG,60331.16,60545.47,555.1662118757484,0.355222740620266,3.0,Bearish MACD divergence detected
2024-08-23 00:00:00,2024-08-23 14:00:00,LONG,60726.16,60994.91,692.7354515881265,0.4425605044020567,14.0,Bearish MACD divergence detected
2024-08-23 14:00:00,2024-08-24 00:00:00,LONG,60994.91,63961.78,7632.210675608262,4.864127187006252,10.0,RSI reversal from overbought levels (RSI: 80.82)
2024-08-25 09:00:00,2024-08-25 13:00:00,LONG,63861.31,64082.02,567.5546714542066,0.34560831902759137,4.0,Bearish MACD divergence detected
2024-08-25 13:00:00,2024-08-25 14:00:00,LONG,64082.02,64148.01,169.3543256866522,0.10297740302194788,1.0,Bearish MACD divergence detected
2024-08-25 21:00:00,2024-08-25 23:00:00,LONG,64383.73,64220.0,-417.8158449992491,-0.2543033775769176,2.0,Bearish MACD divergence detected
2024-08-30 09:00:00,2024-09-03 12:00:00,LONG,59580.64,59135.01,-1223.2805468442914,-0.7479442986849376,99.0,Bearish MACD divergence detected
2024-09-03 13:00:00,2024-09-04 13:00:00,SHORT,58398.99,56490.0,5295.687406351285,3.268875026777001,24.0,Bullish MACD divergence detected
2024-09-08 15:00:00,2024-09-11 12:00:00,SHORT,53687.0,56748.01,-9519.931412109969,-5.701585113714684,69.0,Bullish MACD divergence detected
2024-09-20 18:00:00,2024-09-20 21:00:00,LONG,62865.45,63116.03,626.2989258519997,0.39859732174032275,3.0,Bearish MACD divergence detected
2024-09-22 17:00:00,2024-09-23 14:00:00,LONG,63062.66,63394.5,828.4457751881057,0.5262067917845465,21.0,Bearish MACD divergence detected
2024-09-23 16:00:00,2024-09-24 17:00:00,LONG,63227.55,63775.86,1369.7458666525342,0.8672010856027121,25.0,Bearish MACD divergence detected
2024-09-24 17:00:00,2024-09-25 14:00:00,LONG,63775.86,63936.5,400.49974277389805,0.251882138476846,21.0,Bearish MACD divergence detected
2024-09-28 15:00:00,2024-09-28 18:00:00,LONG,65619.13,65715.01,232.4486512205091,0.14611592686460503,3.0,Bearish MACD divergence detected
2024-09-29 01:00:00,2024-10-02 19:00:00,LONG,65872.9,60190.01,-13716.953319640219,-8.62705300662335,90.0,Trailing stop hit at $60682.11 (8.0% from high of $65958.82)
2024-10-04 01:00:00,2024-10-05 06:00:00,LONG,61218.0,62224.0,2382.4379549480677,1.6433075239308699,29.0,Bearish MACD divergence detected
2024-10-09 15:00:00,2024-10-10 08:00:00,SHORT,62316.0,60815.7,3540.7730400092946,2.4075678798382483,17.0,Bullish MACD divergence detected
2024-10-17 15:00:00,2024-10-18 13:00:00,LONG,67590.66,68196.0,1346.1872814288997,0.8955971135656857,22.0,Bearish MACD divergence detected
2024-10-18 13:00:00,2024-10-19 03:00:00,LONG,68196.0,68450.01,563.7567573080894,0.37247052613055714,14.0,Bearish MACD divergence detected
2024-10-19 05:00:00,2024-10-20 00:00:00,LONG,68390.01,68231.24,-351.98392441796324,-0.23215378971283895,19.0,Bearish MACD divergence detected
2024-10-20 06:00:00,2024-10-25 10:00:00,LONG,68400.01,67855.23,-1202.3546943271085,-0.7964618718622979,124.0,Bearish MACD divergence detected
2024-10-25 17:00:00,2024-10-28 20:00:00,LONG,66836.01,69644.56,6280.4954551804785,4.202150906375176,75.0,RSI reversal from overbought levels (RSI: 80.89)
2024-10-30 12:00:00,2024-10-30 20:00:00,LONG,71862.17,72857.14,2152.0735556932427,1.3845532357288977,8.0,Bearish MACD divergence detected
2024-11-04 12:00:00,2024-11-04 13:00:00,LONG,68978.2,68662.39,-720.0624727784057,-0.457840303168244,1.0,Bearish MACD divergence detected
2024-11-05 19:00:00,2024-11-06 12:00:00,LONG,68995.99,74171.47,11719.766988861054,7.501131587502398,17.0,Bearish MACD divergence detected
2024-11-09 23:00:00,2024-11-10 05:00:00,LONG,76677.46,79064.16,5217.910834847034,3.1126487497107975,6.0,RSI reversal from overbought levels (RSI: 84.37)
2024-11-13 08:00:00,2024-11-13 11:00:00,LONG,87228.68,87669.39,871.5979206931096,0.5052352047514722,3.0,Bearish MACD divergence detected
2024-11-15 16:00:00,2024-11-16 05:00:00,LONG,89375.99,91350.34,3822.5018623904234,2.209038467713746,13.0,Bearish MACD divergence detected
2024-11-16 15:00:00,2024-11-16 18:00:00,LONG,90521.2,91303.04,1524.5500446850626,0.8637092747334287,3.0,Bearish MACD divergence detected
2024-11-17 01:00:00,2024-11-18 15:00:00,LONG,90272.74,92309.51,4008.9357984270673,2.256240366693189,38.0,Bearish MACD divergence detected
2024-11-19 14:00:00,2024-11-20 05:00:00,LONG,91824.0,92505.47,1345.7508421703094,0.7421480223035385,15.0,Bearish MACD divergence detected
2024-11-22 14:00:00,2024-11-22 16:00:00,LONG,97296.0,98865.3,2940.5630796225864,1.612913172175632,2.0,Bearish MACD divergence detected
2024-11-23 05:00:00,2024-11-23 13:00:00,LONG,98755.15,98532.08,-417.626169769021,-0.22588189071657774,8.0,Bearish MACD divergence detected
2024-11-23 13:00:00,2024-11-27 18:00:00,LONG,98532.08,96119.51,-4507.715033242967,-2.4485122002905113,101.0,RSI reversal from overbought levels (RSI: 84.81)
2024-11-28 10:00:00,2024-11-28 11:00:00,LONG,94958.74,95452.01,931.0176251568506,0.5194571874058033,1.0,Bearish MACD divergence detected
2024-11-29 08:00:00,2024-11-30 06:00:00,LONG,95979.99,96639.66,1235.7696769030329,0.6872995089914036,22.0,Bearish MACD divergence detected
2024-11-30 06:00:00,2024-12-01 18:00:00,LONG,96639.66,97118.69,895.5863319530866,0.49568676048735977,36.0,Bearish MACD divergence detected
2024-12-02 15:00:00,2024-12-04 19:00:00,LONG,97048.0,97209.64,301.8164682221366,0.16655675541999776,52.0,Bearish MACD divergence detected
2024-12-06 13:00:00,2024-12-07 09:00:00,LONG,98591.99,99676.48,1992.5950372252805,1.0999777973849505,20.0,Bearish MACD divergence detected
2024-12-07 09:00:00,2024-12-07 15:00:00,LONG,99676.48,99756.01,145.83446788068943,0.0797881305599865,6.0,Bearish MACD divergence detected
2024-12-07 18:00:00,2024-12-07 21:00:00,LONG,100123.32,99869.8,-462.24963423779536,-0.2532077442098445,3.0,Bearish MACD divergence detected
2024-12-08 12:00:00,2024-12-11 16:00:00,LONG,99922.48,100575.99,1188.549944853632,0.6540169939737378,76.0,RSI reversal from overbought levels (RSI: 87.30)
2024-12-12 19:00:00,2024-12-13 15:00:00,LONG,99481.32,99873.16,719.0524073046673,0.39388299230448137,20.0,Bearish MACD divergence detected
2024-12-13 16:00:00,2024-12-14 15:00:00,LONG,100988.01,101625.12,1153.925730565766,0.6308768734030907,23.0,Bearish MACD divergence detected
2024-12-14 15:00:00,2024-12-16 01:00:00,LONG,101625.12,105531.99,7061.973735205079,3.8443939844794377,34.0,RSI reversal from overbought levels (RSI: 81.42)
2024-12-21 23:00:00,2024-12-24 17:00:00,LONG,97291.99,98797.47,2945.955885868051,1.5473832943493044,66.0,RSI reversal from overbought levels (RSI: 81.51)
2024-12-29 12:00:00,2024-12-29 17:00:00,SHORT,94907.89,93945.01,1957.5123956583461,1.0145415728871483,5.0,RSI reversal from oversold levels (RSI: 15.88)
